{"name":"5d54cfc9-da05-4a88-8f82-fb9ce5235261","id":"/providers/Microsoft.Flow/flows/5d54cfc9-da05-4a88-8f82-fb9ce5235261","type":"Microsoft.Flow/flows","properties":{"apiId":"/providers/Microsoft.PowerApps/apis/shared_logicflows","displayName":"Ausbildung_Berichtsheft_erstellen_absegnen","definition":{"metadata":{"workflowEntityId":null,"processAdvisorMetadata":null,"flowChargedByPaygo":null,"flowclientsuspensionreason":"None","flowclientsuspensiontime":null,"flowclientsuspensionreasondetails":null,"creator":{"id":"38bb512a-320c-4765-806d-523334f6fe74","type":"User","tenantId":"8b851633-67c8-4566-9810-5218c4c881d2"},"provisioningMethod":"FromDefinition","failureAlertSubscription":true,"clientLastModifiedTime":"2023-08-01T14:27:45.7025649Z"},"$schema":"https://schema.management.azure.com/providers/Microsoft.Logic/schemas/2016-06-01/workflowdefinition.json#","contentVersion":"1.0.0.0","parameters":{"$connections":{"defaultValue":{},"type":"Object"},"$authentication":{"defaultValue":{},"type":"SecureObject"}},"triggers":{"manual":{"metadata":{"operationMetadataId":"cad4247e-0c5f-436b-8065-f8273cd72454"},"type":"Request","kind":"Button","inputs":{"schema":{"type":"object","properties":{},"required":[]}}}},"actions":{"Get_items_(Ausbildungsstory)":{"runAfter":{"Initialize_variable_(Img4Signs)":["Succeeded"]},"metadata":{"operationMetadataId":"d9496abb-4a54-427a-969f-3a4062c9c018"},"type":"OpenApiConnection","inputs":{"host":{"apiId":"/providers/Microsoft.PowerApps/apis/shared_sharepointonline","connectionName":"shared_sharepointonline","operationId":"GetItems"},"parameters":{"dataset":"https://thinformatics.sharepoint.com/sites/ausbildung","table":"c24a261d-e71c-40bf-809b-1ab72af81e71"},"authentication":{"value":"@json(decodeBase64(triggerOutputs().headers['X-MS-APIM-Tokens']))['$ConnectionKey']","type":"Raw"}}},"Initialize_variable_(TraineeName)":{"runAfter":{},"metadata":{"operationMetadataId":"8415bfc2-d90a-4dc5-838c-abfeb6a466cd"},"type":"InitializeVariable","inputs":{"variables":[{"name":"TraineeName","type":"string","value":"Max Mustermann"}]}},"Initialize_variable_(JobTitle)":{"runAfter":{"Initialize_variable_(TraineeName)":["Succeeded"]},"metadata":{"operationMetadataId":"eb787bae-4441-4417-8afd-88ee3f8a3b1d"},"type":"InitializeVariable","inputs":{"variables":[{"name":"JobTitle","type":"string","value":"Fachinformatiker Systemintegration"}]}},"Initialize_variable_(htmlbody)":{"runAfter":{"Initialize_variable_(JobTitle)":["Succeeded"]},"metadata":{"operationMetadataId":"7c339aed-3b24-4e50-90c5-f33e8aa20e81"},"type":"InitializeVariable","inputs":{"variables":[{"name":"htmlbody","type":"string","value":"<!DOCTYPE HTML>\n<html lang= \"de\">\n  <head>\n    <meta charset=\"utf-8\">\n    <meta name=\"viewport\" content=\"width=device-width, initial-scale=1\">\n    <link rel=\"stylesheet\" href=\"style.css\" type=\"text/css\" media=\"screen\">\n    <link rel=\"stylesheet\" media=\"print\" href=\"print.css\" />\n    <title id=\"title2\">Berichtsheft thinformatics AG</title>\n<style>\n* {\n  margin: 0;\n  padding: 0;\n}\n\n  body {\n    width: 100%;\n    margin: 0;\n    color: #000;\n    background-color: #fff;\n    font-size: 12px;\n  }\n\n  #title-print {\n    text-align: left;\n    margin-top: 1em;\n    margin-left: 2em;\n    font-size: 16px;\n  }\n\nheader, .title, .print button, #Infox {\n  display: none;\n}\n\n.Print {\n  display: grid;\n  grid-template-columns: auto auto;\n}\n\n#Info-print {\n  margin-top: 1.5em;\n}\n\n.InfoContainer {\n  width: 93%;\n  display: grid;\n  grid-template-columns: auto auto auto;\n  grid-template-rows: 1fr 1fr;\n  grid-gap: 1.5em 0.25em;\n  margin: 2.5em;\n}\n\n.Info1 {\n  display: grid;\n  grid-column: 1 / span 3;\n}\n\n.Info2 {\n  display: grid;\n  grid-column: 1 / span 2;\n}\n\n.Info3 .Info4 {\n  display: grid;\n  grid-column: 1 / span 2;\n}\n\n.Info p strong { \n  text-align: left;\n}\n\np {\n  text-align: left;\n}\n\ntable {\n  border:solid #000 !important;\n  border-width:1px 0 0 1px !important;\n}\n\nth, td {\n  border:solid #000 !important;\n  border-width:0 1px 1px 0 !important;\n  text-align: center;\n  padding: 0.3em;\n}\n\n#table1 {\n  padding-left: 2em;\n  padding-top: 2em;\n  margin-right: 2em;\n}\n\n.Einzelstunden {\n  text-align: center;\n}\n\n#Hinweis {\n  text-align: center;\n  margin-top: 1em;\n  margin-left: 12em;\n}\n\n.Unterschriftenfeld {\n  width: 100%;\n  display: grid;\n  grid-template-columns: auto auto;\n}\n\n.Unterschrift {\nmargin: 3em;\nborder-top: 1px solid #000000;\n}\n\n.Unterschrift p {\n  text-align: center;\n  padding-top: 5px;\n}\n\n#Unterschrift1 {\n  margin-top: 4em;\n}\n\n.DayTR {\n  min-height: 120px;\n  height: 120px;\n}\n\n/*Placeholder werden unsichtbar*/\n\n::-webkit-input-placeholder {\n  color:transparent;\n}\n\n:-moz-placeholder { /* Firefox 18- */\n  color:transparent; \n}\n\n::-moz-placeholder {  /* Firefox 19+ */\n  color:transparent; \n}\n\n:-ms-input-placeholder {  \n  color:transparent;\n}\n\n/*Lässt Title und Datum am Rand verschwinden*/\n\n@page { size: auto;  margin: 0mm; }\n</style>\n</head>\n<body>"}]}},"Apply_to_each_(Eintrag_in_Berichtsheft)":{"foreach":"@outputs('Get_items_(Ausbildungsstory)')?['body/value']","actions":{"Append_to_string_variable_(htmlbody)":{"runAfter":{},"metadata":{"operationMetadataId":"63a9e22a-294e-4e95-9a54-98ed3bcadfba"},"type":"AppendToStringVariable","inputs":{"name":"htmlbody","value":"<div class=\"title\">\n  <h2>Berichtsheft der Auszubildenen</h2>\n</div>\n<div class=\"Print\">\n  <div id=\"title-print\">\n    <h4>Ausbildungsnachweis (täglich)</h4>\n  </div>\n  <div id=\"Info-print\">\n    <p><strong>Kalenderwoche:</strong>@{items('Apply_to_each_(Eintrag_in_Berichtsheft)')?['Reportnumber']}</p>\n  </div>\n</div>\n\n<div class=\"InfoContainer\">\n  <div class=\"Info1\">\n    <p><strong>Name und Vorname:</strong> @{variables('TraineeName')}</p>\n  </div>\n  <div class=\"Info2\">\n    <p><strong>Ausbildungsberuf:</strong> @{variables('JobTitle')}</p>\n  </div>\n  <div class=\"Info3\">\n    <p><strong>Ausbildungsjahr:</strong> @{items('Apply_to_each_(Eintrag_in_Berichtsheft)')?['TraineeYear/Value']}</p>\n  </div>\n  <div class=\"Info4\">\n    <p><strong>Ausbildungswoche vom:</strong> @{items('Apply_to_each_(Eintrag_in_Berichtsheft)')?['From']}</p>\n  </div>\n  <div class=\"Info5\">\n    <p><strong>bis:</strong> @{items('Apply_to_each_(Eintrag_in_Berichtsheft)')?['Till']}</p>\n  </div>\n  <div class=\"Info6\">\n    <p><strong>Ausbildungsabteilung:</strong> @{items('Apply_to_each_(Eintrag_in_Berichtsheft)')?['Unit/Value']}</p>\n  </div>\n</div>\n<div id=\"table1\">\n  <table>\n    <thead>\n      <tr>\n        <th></th>\n        <th>Betriebliche Tätigkeiten, Unterweisungen, Lehrgespräche, sonstige Schulungen, Themen des\n          Berufsschulunterrichts, ggf. Fehlzeiten</th>\n        <th>Stunden</th>\n      </tr>\n    </thead>\n\n    <!--Inhalt der Tabelle-->\n\n    <tbody>\n      <tr style=\"height:90px;\">\n        <td>Montag</td>\n        <td>\n          <p>@{if(equals(coalesce(items('Apply_to_each_(Eintrag_in_Berichtsheft)')?['Monday'],null),null),'',replace(items('Apply_to_each_(Eintrag_in_Berichtsheft)')?['Monday'],decodeUriComponent('%0A'),'<br>'))}</p>\n        </td>\n        <td>\n          <p>@{items('Apply_to_each_(Eintrag_in_Berichtsheft)')?['MondayHours']}</p>\n        </td>\n      </tr>\n      <tr style=\"height:90px;\">\n        <td>Dienstag</td>\n        <td>\n          <p>@{if(equals(coalesce(items('Apply_to_each_(Eintrag_in_Berichtsheft)')?['Tuesday'],null),null),'',replace(items('Apply_to_each_(Eintrag_in_Berichtsheft)')?['Tuesday'],decodeUriComponent('%0A'),'<br>'))}</p>\n        </td>\n        <td>\n          <p>@{items('Apply_to_each_(Eintrag_in_Berichtsheft)')?['TuesdayHours']}</p>\n        </td>\n      </tr>\n      <tr style=\"height:90px;\">\n        <td>Mittwoch</td>\n        <td>\n          <p>@{if(equals(coalesce(items('Apply_to_each_(Eintrag_in_Berichtsheft)')?['Wednesday'],null),null),'',replace(items('Apply_to_each_(Eintrag_in_Berichtsheft)')?['Wednesday'],decodeUriComponent('%0A'),'<br>'))}</p>\n        </td>\n        <td>\n          <p>@{items('Apply_to_each_(Eintrag_in_Berichtsheft)')?['WednesdayHours']}</p>\n        </td>\n      </tr>\n      <tr style=\"height:90px;\">\n        <td>Donnerstag</td>\n        <td>\n          <p>@{if(equals(coalesce(items('Apply_to_each_(Eintrag_in_Berichtsheft)')?['Thursday'],null),null),'',replace(items('Apply_to_each_(Eintrag_in_Berichtsheft)')?['Thursday'],decodeUriComponent('%0A'),'<br>'))}</p>\n        </td>\n        <td>\n          <p>@{items('Apply_to_each_(Eintrag_in_Berichtsheft)')?['ThursdayHours']}</p>\n        </td>\n      </tr>\n      <tr style=\"height:90px;\">\n        <td>Freitag</td>\n        <td>\n          <p>@{if(equals(coalesce(items('Apply_to_each_(Eintrag_in_Berichtsheft)')?['Friday'],null),null),'',replace(items('Apply_to_each_(Eintrag_in_Berichtsheft)')?['Friday'],decodeUriComponent('%0A'),'<br>'))}</p>\n        </td>\n        <td>\n          <p>@{items('Apply_to_each_(Eintrag_in_Berichtsheft)')?['FridayHours']}</p>\n        </td>\n      </tr>\n      <tr style=\"height:90px;\">\n        <td>Samstag</td>\n        <td>\n          <p>@{if(equals(coalesce(items('Apply_to_each_(Eintrag_in_Berichtsheft)')?['Saturday'],null),null),'',replace(items('Apply_to_each_(Eintrag_in_Berichtsheft)')?['Saturday'],decodeUriComponent('%0A'),'<br>'))}</p>\n        </td>\n        <td>\n          <p>@{items('Apply_to_each_(Eintrag_in_Berichtsheft)')?['SaturdayHours']}</p>\n        </td>\n      </tr>\n      <tr style=\"height:90px;\">\n        <td>Sonntag</td>\n        <td>\n          <p>@{if(equals(coalesce(items('Apply_to_each_(Eintrag_in_Berichtsheft)')?['Sunday'],null),null),'',replace(items('Apply_to_each_(Eintrag_in_Berichtsheft)')?['Sunday'],decodeUriComponent('%0A'),'<br>'))}</p>\n        </td>\n        <td>\n          <p>@{items('Apply_to_each_(Eintrag_in_Berichtsheft)')?['SundayHours']}</p>\n        </td>\n      </tr>\n    </tbody>\n  </table>\n</div>\n<div id=\"Hinweis\">\n  <p>Durch die nachfolgenden Unterschriften wird die Richtigkeit und Vollständigkeit der obigen Angaben bestätigt.</p>\n</div>\n<div class=\"Unterschriftenfeld\">\n  <div class=\"Unterschrift\" id=\"Unterschrift1\">\n    <p>Datum, Unterschrift Auszubildene/r</p>\n  </div>\n  <div class=\"Unterschrift\" id=\"Unterschrift1\">\n    <p>Datum, Unterschrift des Ausbilders/der Ausbilderin</p>\n  </div>\n  <div class=\" Unterschrift\">\n    <p>Datum, Unterschrift Gesetzlicher Vertreter</p>\n  </div>\n  <div class=\"Unterschrift\">\n    <p>Datum, ggf. weitere Sichtvermerke</p>\n  </div>\n  @{variables('Img4Signs')}\n</div>"}}},"runAfter":{"Get_items_(Ausbildungsstory)":["Succeeded"]},"metadata":{"operationMetadataId":"ea04a303-5266-4869-91f5-16486ec7b7df"},"type":"Foreach"},"Append_to_string_variable_(htmlbody_ende)":{"runAfter":{"Apply_to_each_(Eintrag_in_Berichtsheft)":["Succeeded"]},"metadata":{"operationMetadataId":"ddea59c5-a215-4c74-bec3-4a9b2c886d9c"},"type":"AppendToStringVariable","inputs":{"name":"htmlbody","value":"</body>\n</html>"}},"Create_file_(HTML)":{"runAfter":{"Append_to_string_variable_(htmlbody_ende)":["Succeeded"]},"metadata":{"operationMetadataId":"a75f044b-eb1b-4cfa-b376-080905445420"},"type":"OpenApiConnection","inputs":{"host":{"apiId":"/providers/Microsoft.PowerApps/apis/shared_onedriveforbusiness","connectionName":"shared_onedriveforbusiness","operationId":"CreateFile"},"parameters":{"folderPath":"/","name":"berichtsheft.html","body":"@variables('htmlbody')"},"authentication":{"value":"@json(decodeBase64(triggerOutputs().headers['X-MS-APIM-Tokens']))['$ConnectionKey']","type":"Raw"}},"runtimeConfiguration":{"contentTransfer":{"transferMode":"Chunked"}}},"Initialize_variable_(Img4Signs)":{"runAfter":{"Initialize_variable_(htmlbody)":["Succeeded"]},"metadata":{"operationMetadataId":"8074674b-9fa6-46ab-bee8-0d0c27a9b4ae"},"type":"InitializeVariable","inputs":{"variables":[{"name":"Img4Signs","type":"string","value":"  <img src=\"Unterschrift_Auzubi.png\" style=\"position:absolute; left:10%;\" height=\"45px\">\n  <img src=\"Unterschrift_Ausbilder.png\" style=\"position:absolute; left:60%;\" height=\"45px\">"}]}}}},"connectionReferences":{"shared_sharepointonline":{"connectionName":"shared-sharepointonl-b88781da-5389-44d0-9079-f7729284cbee","source":"Invoker","id":"/providers/Microsoft.PowerApps/apis/shared_sharepointonline","tier":"NotSpecified"},"shared_onedriveforbusiness":{"connectionName":"shared-onedriveforbu-cccf49c3-713d-4868-bae4-244cbc6083b9","source":"Invoker","id":"/providers/Microsoft.PowerApps/apis/shared_onedriveforbusiness","tier":"NotSpecified"}},"flowFailureAlertSubscribed":false,"isManaged":false}}