{"name":"5982d76f-7ade-4f99-90de-726419b888be","id":"/providers/Microsoft.Flow/flows/5982d76f-7ade-4f99-90de-726419b888be","type":"Microsoft.Flow/flows","properties":{"apiId":"/providers/Microsoft.PowerApps/apis/shared_logicflows","displayName":"Ausbildung_Berichtsheft_Zeiten-pruefen","definition":{"metadata":{"workflowEntityId":null,"processAdvisorMetadata":null,"flowChargedByPaygo":null,"flowclientsuspensionreason":"None","flowclientsuspensiontime":null,"flowclientsuspensionreasondetails":null,"creator":{"id":"38bb512a-320c-4765-806d-523334f6fe74","type":"User","tenantId":"8b851633-67c8-4566-9810-5218c4c881d2"},"provisioningMethod":"FromDefinition","failureAlertSubscription":true,"clientLastModifiedTime":"2023-08-02T11:18:35.2983729Z"},"$schema":"https://schema.management.azure.com/providers/Microsoft.Logic/schemas/2016-06-01/workflowdefinition.json#","contentVersion":"1.0.0.0","parameters":{"$connections":{"defaultValue":{},"type":"Object"},"$authentication":{"defaultValue":{},"type":"SecureObject"}},"triggers":{"manual":{"metadata":{"operationMetadataId":"cad4247e-0c5f-436b-8065-f8273cd72454"},"type":"Request","kind":"Button","inputs":{"schema":{"type":"object","properties":{},"required":[]}}}},"actions":{"Get_items_(Ausbildungsstory)":{"runAfter":{"Initialize_variable_(WeekHours)":["Succeeded"]},"metadata":{"operationMetadataId":"d9496abb-4a54-427a-969f-3a4062c9c018"},"type":"OpenApiConnection","inputs":{"host":{"apiId":"/providers/Microsoft.PowerApps/apis/shared_sharepointonline","connectionName":"shared_sharepointonline","operationId":"GetItems"},"parameters":{"dataset":"https://thinformatics.sharepoint.com/sites/ausbildung","table":"ae7b0151-a1ff-4f27-8ac5-065d6a3230c7"},"authentication":{"value":"@json(decodeBase64(triggerOutputs().headers['X-MS-APIM-Tokens']))['$ConnectionKey']","type":"Raw"}},"runtimeConfiguration":{"paginationPolicy":{"minimumItemCount":200}}},"Initialize_variable_(htmlbody)":{"runAfter":{"Initialize_variable_(FridayHours)":["Succeeded"]},"metadata":{"operationMetadataId":"7c339aed-3b24-4e50-90c5-f33e8aa20e81"},"type":"InitializeVariable","inputs":{"variables":[{"name":"htmlbody","type":"string","value":"<table>"}]}},"Apply_to_each_(Eintrag_in_Berichtsheft)":{"foreach":"@outputs('Get_items_(Ausbildungsstory)')?['body/value']","actions":{"Condition_(NOT_40h_in_the_Week)":{"actions":{"Append_to_string_variable_(htmlbody)":{"runAfter":{},"metadata":{"operationMetadataId":"63a9e22a-294e-4e95-9a54-98ed3bcadfba"},"type":"AppendToStringVariable","inputs":{"name":"htmlbody","value":"<tr>\n<td>\n@{items('Apply_to_each_(Eintrag_in_Berichtsheft)')?['Reportnumber']}\n</td>\n<td>\n@{items('Apply_to_each_(Eintrag_in_Berichtsheft)')?['From']}\n</td>\n<td>\n@{items('Apply_to_each_(Eintrag_in_Berichtsheft)')?['Till']}\n</td>\n<td>\n@{items('Apply_to_each_(Eintrag_in_Berichtsheft)')?['MondayHours']}\n</td>\n<td>\n@{items('Apply_to_each_(Eintrag_in_Berichtsheft)')?['TuesdayHours']}\n</td>\n<td>\n@{items('Apply_to_each_(Eintrag_in_Berichtsheft)')?['WednesdayHours']}\n</td>\n <td>\n@{items('Apply_to_each_(Eintrag_in_Berichtsheft)')?['ThursdayHours']}\n</td>\n<td>\n@{items('Apply_to_each_(Eintrag_in_Berichtsheft)')?['FridayHours']}\n</td>\n<td>\n@{items('Apply_to_each_(Eintrag_in_Berichtsheft)')?['SaturdayHours']}\n</td>\n<td>\n@{items('Apply_to_each_(Eintrag_in_Berichtsheft)')?['SundayHours']}\n</td>\n</tr>"}}},"runAfter":{"Set_variable_(reset_WeekHours)":["Succeeded"]},"expression":{"not":{"equals":["@variables('WeekHours')",40]}},"metadata":{"operationMetadataId":"d4cd5d7c-aa12-4563-9da4-9b97a1550d40"},"type":"If"},"Set_variable_(MondayHours)":{"runAfter":{},"metadata":{"operationMetadataId":"ce3f509c-77f1-421a-b149-1996e3f246b4"},"type":"SetVariable","inputs":{"name":"MondayHours","value":"@if(equals(coalesce(items('Apply_to_each_(Eintrag_in_Berichtsheft)')?['MondayHours'],null),null),'',int(items('Apply_to_each_(Eintrag_in_Berichtsheft)')?['MondayHours']))"}},"Set_variable_(TuesdayHours)":{"runAfter":{"Set_variable_(MondayHours)":["Succeeded"]},"metadata":{"operationMetadataId":"b6b02ee1-1cda-42c3-9167-068c9e015cc9"},"type":"SetVariable","inputs":{"name":"TuesdayHours","value":"@if(equals(coalesce(items('Apply_to_each_(Eintrag_in_Berichtsheft)')?['TuesdayHours'],null),null),'',int(items('Apply_to_each_(Eintrag_in_Berichtsheft)')?['TuesdayHours']))"}},"Set_variable_(reset_WeekHours)":{"runAfter":{"Set_variable_(FridayHours)":["Succeeded"]},"metadata":{"operationMetadataId":"f0ea962d-dae0-4f0b-9af2-4fc1fea0feb6"},"type":"SetVariable","inputs":{"name":"WeekHours","value":"@add(variables('MondayHours'),add(variables('TuesdayHours'),add(variables('WednesdayHours'),add(variables('ThursdayHours'),variables('FridayHours')))))"}},"Set_variable_(WednesdayHours)":{"runAfter":{"Set_variable_(TuesdayHours)":["Succeeded"]},"metadata":{"operationMetadataId":"7454cade-cfd8-46fa-b056-e279ba4ab06a"},"type":"SetVariable","inputs":{"name":"WednesdayHours","value":"@if(equals(coalesce(items('Apply_to_each_(Eintrag_in_Berichtsheft)')?['WednesdayHours'],null),null),'',int(items('Apply_to_each_(Eintrag_in_Berichtsheft)')?['WednesdayHours']))"}},"Set_variable_(ThursdayHours)":{"runAfter":{"Set_variable_(WednesdayHours)":["Succeeded"]},"metadata":{"operationMetadataId":"b6e4ebdc-b230-43b6-a51f-6d4265d24fc0"},"type":"SetVariable","inputs":{"name":"ThursdayHours","value":"@if(equals(coalesce(items('Apply_to_each_(Eintrag_in_Berichtsheft)')?['ThursdayHours'],null),null),'',int(items('Apply_to_each_(Eintrag_in_Berichtsheft)')?['ThursdayHours']))"}},"Set_variable_(FridayHours)":{"runAfter":{"Set_variable_(ThursdayHours)":["Succeeded"]},"metadata":{"operationMetadataId":"d56a379a-5486-4a38-8887-afc110a3e79d"},"type":"SetVariable","inputs":{"name":"FridayHours","value":"@if(equals(coalesce(items('Apply_to_each_(Eintrag_in_Berichtsheft)')?['FridayHours'],null),null),'',int(items('Apply_to_each_(Eintrag_in_Berichtsheft)')?['FridayHours']))"}}},"runAfter":{"Get_items_(Ausbildungsstory)":["Succeeded"]},"metadata":{"operationMetadataId":"ea04a303-5266-4869-91f5-16486ec7b7df"},"type":"Foreach"},"Append_to_string_variable_(htmlbody_ende)":{"runAfter":{"Apply_to_each_(Eintrag_in_Berichtsheft)":["Succeeded"]},"metadata":{"operationMetadataId":"ddea59c5-a215-4c74-bec3-4a9b2c886d9c"},"type":"AppendToStringVariable","inputs":{"name":"htmlbody","value":"</table>"}},"Send_an_email_(V2)":{"runAfter":{"Append_to_string_variable_(htmlbody_ende)":["Succeeded"]},"metadata":{"operationMetadataId":"c97b4c12-e3cd-47ef-8320-ef563dd9286c"},"type":"OpenApiConnection","inputs":{"host":{"apiId":"/providers/Microsoft.PowerApps/apis/shared_office365","connectionName":"shared_office365","operationId":"SendEmailV2"},"parameters":{"emailMessage/To":"Christian.Reetz@thinformatics.com","emailMessage/Subject":"Pruefung Zeiten","emailMessage/Body":"<p>@{variables('htmlbody')}</p>","emailMessage/Importance":"Normal"},"authentication":{"value":"@json(decodeBase64(triggerOutputs().headers['X-MS-APIM-Tokens']))['$ConnectionKey']","type":"Raw"}}},"Initialize_variable_(WeekHours)":{"runAfter":{"Initialize_variable_(htmlbody)":["Succeeded"]},"metadata":{"operationMetadataId":"e507eb1b-8a94-4362-b66a-4ee1e398bb80"},"type":"InitializeVariable","inputs":{"variables":[{"name":"WeekHours","type":"integer","value":0}]}},"Initialize_variable_(MondayHours)":{"runAfter":{},"metadata":{"operationMetadataId":"a3969b19-ce3f-41a2-8bc9-344bae6b53a6"},"type":"InitializeVariable","inputs":{"variables":[{"name":"MondayHours","type":"integer","value":0}]}},"Initialize_variable_(TuesdayHours)":{"runAfter":{"Initialize_variable_(MondayHours)":["Succeeded"]},"metadata":{"operationMetadataId":"9575e615-d9fe-472e-854f-48a03e9214ce"},"type":"InitializeVariable","inputs":{"variables":[{"name":"TuesdayHours","type":"integer","value":0}]}},"Initialize_variable_(WednesdayHours)":{"runAfter":{"Initialize_variable_(TuesdayHours)":["Succeeded"]},"metadata":{"operationMetadataId":"2950db2d-6601-4c80-ad7a-c718938f3986"},"type":"InitializeVariable","inputs":{"variables":[{"name":"WednesdayHours","type":"integer","value":0}]}},"Initialize_variable_(ThursdayHours)":{"runAfter":{"Initialize_variable_(WednesdayHours)":["Succeeded"]},"metadata":{"operationMetadataId":"98bf220c-6bf5-4f12-9a5f-1b13d316532c"},"type":"InitializeVariable","inputs":{"variables":[{"name":"ThursdayHours","type":"integer","value":0}]}},"Initialize_variable_(FridayHours)":{"runAfter":{"Initialize_variable_(ThursdayHours)":["Succeeded"]},"metadata":{"operationMetadataId":"e36d15fd-7544-4164-a20d-426d40b73e84"},"type":"InitializeVariable","inputs":{"variables":[{"name":"FridayHours","type":"integer","value":0}]}}}},"connectionReferences":{"shared_sharepointonline":{"connectionName":"shared-sharepointonl-b88781da-5389-44d0-9079-f7729284cbee","source":"Invoker","id":"/providers/Microsoft.PowerApps/apis/shared_sharepointonline","tier":"NotSpecified"},"shared_office365":{"connectionName":"shared-office365-b3fb22a3-91a6-4248-be0f-b5493bdb96f0","source":"Invoker","id":"/providers/Microsoft.PowerApps/apis/shared_office365","tier":"NotSpecified"}},"flowFailureAlertSubscribed":false,"isManaged":false}}